Date,Platform,Campaign,Spend,Clicks,Conversions,Revenue
2026-01-01,Google,Search_Brand,120.5,350.0,15.0,450.0
2026-01-01,Meta,Retargeting_V1,200.0,510.0,22.0,680.0
2026-01-01,LinkedIn,B2B_Outreach,350.0,180.0,6.0,900.0
2026-01-02,Google,Search_Brand,125.0,365.0,18.0,540.0
2026-01-02,Meta,Retargeting_V1,210.0,530.0,20.0,620.0
2026-01-02,LinkedIn,B2B_Outreach,340.0,175.0,5.0,750.0
2026-01-03,Google,Search_Brand,115.0,340.0,14.0,420.0
2026-01-03,Meta,Retargeting_V1,195.0,490.0,25.0,800.0
2026-01-03,LinkedIn,B2B_Outreach,360.0,190.0,7.0,1050.0
2026-01-04,Google,Search_Brand,130.0,380.0,20.0,600.0
2026-01-04,Meta,Retargeting_V1,220.0,550.0,28.0,890.0
2026-01-04,LinkedIn,B2B_Outreach,350.0,185.0,8.0,1200.0
2026-01-05,Google,Search_Brand,140.0,410.0,22.0,660.0
2026-01-05,Meta,Retargeting_V1,230.0,580.0,24.0,760.0
2026-01-05,LinkedIn,B2B_Outreach,370.0,195.0,6.0,900.0
2026-01-06,Google,Search_Brand,150.0,430.0,25.0,750.0
2026-01-06,Meta,Retargeting_V1,250.0,600.0,30.0,950.0
2026-01-06,LinkedIn,B2B_Outreach,380.0,200.0,9.0,1350.0
2026-01-07,Google,Search_Brand,145.0,420.0,21.0,630.0
2026-01-07,Meta,Retargeting_V1,240.0,590.0,27.0,860.0
2026-01-07,LinkedIn,B2B_Outreach,360.0,190.0,7.0,1050.0
2026-01-08,Google,Search_Brand,155.0,440.0,26.0,780.0
2026-01-08,Meta,Retargeting_V1,260.0,620.0,31.0,990.0
2026-01-08,LinkedIn,B2B_Outreach,390.0,210.0,10.0,1500.0
2026-01-09,Google,Search_Brand,160.0,450.0,24.0,720.0
2026-01-09,Meta,Retargeting_V1,255.0,610.0,29.0,920.0
2026-01-09,LinkedIn,B2B_Outreach,400.0,215.0,8.0,1200.0
2026-01-10,Google,Search_Brand,165.0,460.0,28.0,840.0
2026-01-10,Meta,Retargeting_V1,270.0,640.0,33.0,1050.0
2026-01-10,LinkedIn,B2B_Outreach,410.0,220.0,11.0,1650.0
